placeref,uic
NL:S:ht,8400319
NL:S:hto,8400320
NL:S:hde,8400388
NL:S:atn,8400045
NL:S:ac,8400047
NL:S:akm,8400049
NL:S:amr,8400050
NL:S:amrn,8400052
NL:S:aml,8400051
NL:S:amri,8400520
NL:S:almb,8400081
NL:S:alm,8400080
NL:S:almm,8400082
NL:S:almo,8400226
NL:S:almp,8400104
NL:S:ampo,8400450
NL:S:apn,8400053
NL:S:amf,8400055
NL:S:amfs,8400054
NL:S:avat,8400228
NL:S:asa,8400057
NL:S:asdar,8499999
NL:S:asb,8400074
NL:S:asd,8400058
NL:S:ashd,8400231
NL:S:asdl,8400079
NL:S:asdm,8400060
NL:S:rai,8400056
NL:S:assp,8400235
NL:S:ass,8400059
NL:S:asdz,8400061
NL:S:ana,8400065
NL:S:apd,8400066
NL:S:apdm,8400233
NL:S:apdo,8400229
NL:S:apg,8400067
NL:S:akl,8400068
NL:S:arn,8400069
NL:S:ah,8400071
NL:S:ahpr,8400075
NL:S:ahp,8400072
NL:S:ahz,8400227
NL:S:asn,8400073
NL:S:brn,8400086
NL:S:bf,8400089
NL:S:brd,8400090
NL:S:bnc,8400091
NL:S:bnn,8400092
NL:S:bnz,8400115
NL:S:bdm,8400094
NL:S:bk,8400096
NL:S:bsd,8400097
NL:S:bl,8400100
NL:S:bgn,8400108
NL:S:bet,8400112
NL:S:bv,8400113
NL:S:bhv,8400114
NL:S:br,8400117
NL:S:bll,8400118
NL:S:bdg,8400121
NL:S:bn,8400124
NL:S:bsk,8400125
NL:S:bkf,8400230
NL:S:bkg,8400127
NL:S:bmr,8400128
NL:S:btl,8400129
NL:S:bd,8400131
NL:S:bdpb,8400132
NL:S:bkl,8400133
NL:S:bmn,8400136
NL:S:bp,8400139
NL:S:bde,8400140
NL:S:bnk,8400141
NL:S:bsmz,8400145
NL:S:ndb,8400452
NL:S:cps,8400147
NL:S:cas,8400151
NL:S:cvm,8400152
NL:S:co,8400153
NL:S:ck,8400155
NL:S:cl,8400154
NL:S:da,8400164
NL:S:dln,8400161
NL:S:dl,8400167
NL:S:klp,8400637
NL:S:dei,8400168
NL:S:ddn,8400169
NL:S:dt,8400170
NL:S:dtz,8400166
NL:S:dz,8400171
NL:S:dzw,8400175
NL:S:dld,8400179
NL:S:gvc,8400282
NL:S:gv,8400280
NL:S:laa,8400380
NL:S:gvm,8400278
NL:S:gvmw,8400279
NL:S:ypb,8400379
NL:S:hdr,8400311
NL:S:hdrz,8400303
NL:S:dn,8400172
NL:S:dv,8400173
NL:S:dvc,8400185
NL:S:did,8400174
NL:S:dmn,8400165
NL:S:dmnz,8400163
NL:S:dr,8400176
NL:S:hmn,8400315
NL:S:dtc,8400177
NL:S:dtch,8400184
NL:S:ddr,8400180
NL:S:ddrs,8400186
NL:S:ddzd,8400181
NL:S:db,8400182
NL:S:drh,8400183
NL:S:drp,8400192
NL:S:dron,8400198
NL:S:dvn,8400193
NL:S:dvd,8400194
NL:S:ec,8400195
NL:S:edc,8400201
NL:S:ed,8400200
NL:S:edn,8400219
NL:S:ehv,8400206
NL:S:ehst,8499998
NL:S:est,8400207
NL:S:emn,8400208
NL:S:emnz,8400407
NL:S:vem,8400668
NL:S:ekz,8400210
NL:S:es,8400212
NL:S:ese,8400217
NL:S:eml,8400216
NL:S:etn,8400218
NL:S:egh,8400338
NL:S:eghm,8400234
NL:S:fn,8400232
NL:S:gdr,8400241
NL:S:gdm,8400244
NL:S:gp,8400245
NL:S:gln,8400246
NL:S:lut,8400248
NL:S:gbr,8400262
NL:S:gs,8400253
NL:S:go,8400254
NL:S:gr,8400256
NL:S:gd,8400258
NL:S:gdg,8400257
NL:S:gbg,8400259
NL:S:gk,8400267
NL:S:gn,8400263
NL:S:gerp,8400238
NL:S:gnn,8400264
NL:S:gw,8400266
NL:S:hlm,8400285
NL:S:hlms,8400270
NL:S:hwzb,8400400
NL:S:hdb,8400293
NL:S:hd,8400294
NL:S:bhdv,8400236
NL:S:bzm,8400438
NL:S:gnd,8400295
NL:S:hrn,8400297
NL:S:hlg,8400296
NL:S:hlgh,8400298
NL:S:hk,8400317
NL:S:had,8400302
NL:S:hr,8400305
NL:S:hry,8400301
NL:S:hwd,8400306
NL:S:hrl,8400307
NL:S:hrlk,8400409
NL:S:hrlw,8400404
NL:S:hze,8400308
NL:S:hrt,8400339
NL:S:hlo,8400309
NL:S:hno,8400310
NL:S:hm,8400313
NL:S:hmh,8400300
NL:S:hmbv,8400242
NL:S:hmbh,8400299
NL:S:hgl,8400316
NL:S:hglg,8400433
NL:S:hglo,8400312
NL:S:hil,8400329
NL:S:hvs,8400322
NL:S:hvsm,8400324
NL:S:hvsn,8400324
NL:S:hvsp,8400570
NL:S:hnp,8400323
NL:S:hb,8400326
NL:S:hvl,8400490
NL:S:hor,8400327
NL:S:hon,8400328
NL:S:hfd,8400332
NL:S:hgv,8400330
NL:S:hgz,8400331
NL:S:mth,8400430
NL:S:hks,8400334
NL:S:hn,8400337
NL:S:hnk,8400336
NL:S:htn,8400340
NL:S:htnc,8400335
NL:S:sgl,8400341
NL:S:hdg,8400292
NL:S:ijt,8400722
NL:S:kpn,8400353
NL:S:kpnz,8400360
NL:S:bzl,8400354
NL:S:krd,8400355
NL:S:ktr,8400359
NL:S:kbk,8400361
NL:S:kbd,8400367
NL:S:kma,8400368
NL:S:kw,8400369
NL:S:krg,8400370
NL:S:zlw,8400382
NL:S:lg,8400548
NL:S:ldm,8400386
NL:S:lw,8400387
NL:S:adh,8400406
NL:S:lwc,8400389
NL:S:dvnk,8400188
NL:S:ledn,8400390
NL:S:ldl,8400384
NL:S:lls,8400394
NL:S:ltv,8400395
NL:S:lc,8400399
NL:S:lp,8400403
NL:S:ltn,8400405
NL:S:mz,8400432
NL:S:mrn,8400417
NL:S:mas,8400419
NL:S:mt,8400424
NL:S:mtn,8400449
NL:S:mtr,8400426
NL:S:mg,8400427
NL:S:mrb,8400428
NL:S:mes,8400434
NL:S:mp,8400435
NL:S:mdb,8400436
NL:S:kmw,8400366
NL:S:mmlh,8400446
NL:S:na,8400454
NL:S:nvp,8400460
NL:S:nwk,8400455
NL:S:nsch,8400457
NL:S:nkk,8400469
NL:S:nm,8400470
NL:S:nmd,8400475
NL:S:nmgo,8400477
NL:S:nmh,8400468
NL:S:nml,8400451
NL:S:nvd,8400472
NL:S:nvdw,8400472
NL:S:ns,8400466
NL:S:nh,8400467
NL:S:obd,8400480
NL:S:ot,8400482
NL:S:odz,8400483
NL:S:ost,8400486
NL:S:omn,8400487
NL:S:otb,8400489
NL:S:op,8400494
NL:S:o,8400495
NL:S:ow,8400496
NL:S:odb,8400498
NL:S:ovn,8400501
NL:S:pmr,8400508
NL:S:pmo,8400506
NL:S:pmw,8400499
NL:S:pt,8400509
NL:S:rat,8400513
NL:S:kmr,8400362
NL:S:rvs,8400515
NL:S:rv,8400518
NL:S:rh,8400519
NL:S:rhn,8400517
NL:S:gz,8400251
NL:S:rsn,8400538
NL:S:rsw,8400505
NL:S:rb,8400521
NL:S:rm,8400523
NL:S:rd,8400525
NL:S:rsd,8400526
NL:S:rs,8400524
NL:S:rta,8400507
NL:S:rtb,8400529
NL:S:rtd,8400530
NL:S:rlb,8400542
NL:S:rtn,8400531
NL:S:rtst,8400534
NL:S:rtz,8400533
NL:S:rl,8400537
NL:S:sptn,8400543
NL:S:sptz,8400544
NL:S:spm,8400545
NL:S:swd,8400547
NL:S:sgn,8400549
NL:S:sda,8400551
NL:S:sdm,8400553
NL:S:sog,8400555
NL:S:sn,8400554
NL:S:shl,8400561
NL:S:std,8400564
NL:S:sdt,8400565
NL:S:sdtb,8400497
NL:S:sk,8400566
NL:S:sknd,8400574
NL:S:st,8400567
NL:S:stz,8400571
NL:S:sd,8400569
NL:S:sbk,8400572
NL:S:stv,8400575
NL:S:stm,8400576
NL:S:swk,8400578
NL:S:srn,8400582
NL:S:sm,8400583
NL:S:tg,8400591
NL:S:tbg,8400592
NL:S:tl,8400596
NL:S:tpsw,8400600
NL:S:tb,8400597
NL:S:tbr,8400598
NL:S:tbu,8400594
NL:S:twl,8400599
NL:S:utg,8400615
NL:S:uhz,8400617
NL:S:uhm,8400618
NL:S:ust,8400619
NL:S:ut,8400621
NL:S:utlr,8400607
NL:S:utm,8400624
NL:S:uto,8400620
NL:S:utt,8400614
NL:S:utzl,8400613
NL:S:vk,8400632
NL:S:vsv,8400635
NL:S:vdm,8400636
NL:S:vndc,8400627
NL:S:vndw,8400628
NL:S:vp,8400640
NL:S:vl,8400644
NL:S:vry,8400646
NL:S:vlb,8400647
NL:S:vtn,8400651
NL:S:vs,8400652
NL:S:vss,8400653
NL:S:vdl,8400656
NL:S:vb,8400658
NL:S:vh,8400655
NL:S:vst,8400659
NL:S:vd,8400661
NL:S:vz,8400664
NL:S:vhp,8400666
NL:S:vg,8400667
NL:S:wad,8400675
NL:S:wadn,8400674
NL:S:wfm,8400679
NL:S:ssh,8400603
NL:S:wt,8400684
NL:S:wp,8400685
NL:S:wl,8400686
NL:S:wtv,8400688
NL:S:wz,8400690
NL:S:wdn,8400691
NL:S:wc,8400710
NL:S:wh,8400711
NL:S:ws,8400696
NL:S:wsm,8400697
NL:S:ww,8400698
NL:S:www,8400700
NL:S:wd,8400702
NL:S:wf,8400704
NL:S:wv,8400705
NL:S:wk,8400706
NL:S:wm,8400707
NL:S:zd,8400731
NL:S:zdk,8400728
NL:S:zbm,8400732
NL:S:zvt,8400733
NL:S:za,8400734
NL:S:zv,8400735
NL:S:zvb,8400737
NL:S:ztm,8400741
NL:S:ztmo,8400740
NL:S:zb,8400742
NL:S:zh,8400743
NL:S:zp,8400744
NL:S:zwd,8400752
NL:S:zl,8400747
NL:S:ehs,8400196
NL:S:dwe,8400745
NL:S:fwd,8400638
NL:S:esk,8400221
NL:S:utln,8400623
NL:S:utvr,8400606
NL:S:kz,8400363
NL:S:zzs,8400364
NL:S:bsks,8400126
NL:S:llzm,8400135
